dep_var,ind_var,RR,RR.LCI,RR.UCI,p,Evalue
dv_sr_sleep_abn,rd6m_1,1.61180646670637,1.11270914835008,2.33477013284977,0.0121476521178025,1.46684542222198
dv_sd_sleep_abn,rd6m_1,1.51804553891832,0.932647215609688,2.47088311599511,0.0944235161855785,1
dv_pal_sleep_abn,rd6m_1,1.14839720460262,0.845622105190462,1.55958096582879,0.376443571987307,1
dv_vdb_sleep_abn,rd6m_1,0.909485176269458,0.621463716322391,1.33099208228721,0.62575831414334,1
dv_winkler_sleep_abn,rd6m_1,1.0487811292675,0.739082353844951,1.48825344210338,0.789909106485503,1
