dep_var,ind_var,RR,RR.LCI,RR.UCI,p,Evalue
dv_sr_sleep_abn,dv_cds_10,3.57751344122025,2.04230988772072,6.26672891271912,1.19326214682459e-05,3.5013231809299
dv_sd_sleep_abn,dv_cds_10,3.97187437623949,1.99075362314391,7.92452962396917,0.00011825112998806,3.39515611705963
dv_pal_sleep_abn,dv_cds_10,0.822218968994349,0.561592014212009,1.20379922767013,0.31517529071779,1
dv_vdb_sleep_abn,dv_cds_10,1.11415272330485,0.740829356569499,1.67560353789944,0.604085467481048,1
dv_winkler_sleep_abn,dv_cds_10,2.30410868606598,1.46056256563464,3.63484383491499,0.00040749532748381,2.28073354933171
